,identity,separability,stability,coherence,completness,congruence,selectivity,accumen,Verm_stability,fidelity,sparsity,instability,alpha,upper,sequence_length,explainer
0,1.0,1.0,1.0,0.42549991607666016,0.008803620003163815,0.3589262068271637,0.49861166477203367,0.014033412887828172,0.5820487804878047,-0.309080994129181,0.023809523809523808,0.44494548743963785,0.5,120,30,lime
0,1.0,1.0,1.0,0.4183473587036133,0.49534621834754944,0.35290175676345825,0.8101617425680161,0.47026252983293554,1.0,0.13284707069396973,0.023809523809523808,0.26783227920532227,0.5,120,30,shap
0,1.0,1.0,1.0,0.3831591369822358,0.11151549259968345,0.3761825793836201,0.5987880825996399,0.045632458233890213,1.0,0.06667371988296511,0.023809523809523808,0.3111116588115692,0.5,120,30,l2x
0,1.0,1.0,1.0,0.3969186246395111,0.008147970773279667,0.36828023195266724,0.5057748436927796,0.07083532219570407,0.7049756097560975,-0.44459016323089595,0.023809523809523808,0.4151658640772336,0.5,125,30,lime
0,1.0,1.0,1.0,0.395406037569046,0.015199723653495312,0.3668060302734375,0.7884306564927102,0.3953221957040573,1.0,0.2742459774017334,0.023809523809523808,0.4565669596195221,0.5,125,30,shap
0,1.0,1.0,1.0,0.4083607091249518,0.11121853803167388,0.373301496648828,0.6550862848758697,0.04601431980906922,1.0,0.21545253992080693,0.023809523809523808,0.4545455873012543,0.5,125,30,l2x
0,1.0,1.0,1.0,0.45869356393814087,0.7583571672439575,0.31455284357070923,0.5027574896812439,0.05460620525059666,0.7193170731707317,-2.171484875679016,0.023809523809523808,0.3550785885320872,0.5,130,30,lime
0,1.0,1.0,1.0,0.46758079528808594,0.943891167640686,0.30552586913108826,0.6877271056175231,0.4879713603818616,1.0,0.02540581487119198,0.023809523809523808,0.36929816007614136,0.5,130,30,shap
0,1.0,1.0,1.0,0.3524084636672357,0.0809799403204639,0.3066380351188938,0.5779623508453369,0.0394272076372315,1.0,-0.09144141674041739,0.023809523809523808,0.5714291334152222,0.5,130,30,l2x
