,identity,separability,stability,coherence,completness,congruence,selectivity,accumen,Verm_stability,fidelity,sparsity,instability,alpha,upper,sequence_length,explainer
0,1.0,1.0,1.0,0.3333999421481523,1.4539334344446786,0.31082682994069866,0.6851478934288024,0.016807339449541263,1.0,0.3267946243286133,0.018315018315018316,0.533333,0.5,130,39,l2x
