,RMSE_val,RMSE_test,R2_test,Score_test,alpha,rul_piecewise,sequence_length
0,13.100242880396937,12.682805671498839,0.8927861650784811,839.4331725115144,0.5,130,39
1,13.69914022379119,14.406387087601356,0.8927861650784811,839.4331725115144,0.5,130,39
2,13.35933616587923,13.694028891180258,0.8927861650784811,839.4331725115144,0.5,130,39
