,RMSE_val,RMSE_test,R2_test,Score_test,alpha,upper,sequence_length
27,16.017868554745647,14.643534158887844,0.7703516483306885,13321.72988272668,0.5,120,38
39,16.2096761557478,14.668663465921377,0.8204607764879862,1748.5347025711462,0.3,125,35
39,15.898350161000886,14.687449046344938,0.8777308265368143,1272.0177992842102,0.2,125,39
48,16.136312612142742,14.86652476362633,0.8469777703285217,2779.373891048794,0.3,125,39
57,16.874581338845953,15.103647262430238,0.8275176684061686,5024.315453137196,0.5,125,39
