,RMSE_val,RMSE_test,R2_test,Score_test,alpha,upper,sequence_length
0,12.787621138997324,12.34037495915983,0.8609097599983215,3359.348104093005,0.2,120,40
9,14.109471790746356,12.873921882853743,0.8946543137232462,1316.1909908259313,0.3,120,40
24,13.404032632768114,12.919493293905836,0.901167372862498,842.7863023967179,0.5,120,39
6,13.12055763269128,13.025006661961369,0.899977425734202,671.8426329703697,0.3,130,38
21,13.66489888985359,13.031878619137537,0.8722013632456461,1732.2975355749156,0.5,125,35
